{
  "checkpoints": [
    "{\n  \"trainable_name\": \"PPO\",\n  \"trial_id\": \"d62ac_00000\",\n  \"config\": {\n    \"env\": \"3_vs_3_auto_GK\",\n    \"framework\": \"torch\",\n    \"lr\": 0.00022602718266055705,\n    \"gamma\": 0.9936809332376452,\n    \"lambda\": 0.9517171675473532,\n    \"kl_target\": 0.010117093480119358,\n    \"kl_coeff\": 1.0,\n    \"clip_param\": 0.20425701146213993,\n    \"vf_loss_coeff\": 0.3503035138680095,\n    \"vf_clip_param\": 1.4862186106326711,\n    \"entropy_coeff\": 0.0004158966184268587,\n    \"num_sgd_iter\": 16,\n    \"train_batch_size\": 2800,\n    \"rollout_fragment_length\": 100,\n    \"sgd_minibatch_size\": 128,\n    \"num_workers\": 7,\n    \"num_envs_per_worker\": 1,\n    \"num_gpus\": 1,\n    \"batch_mode\": \"truncate_episodes\",\n    \"observation_filter\": \"NoFilter\",\n    \"log_level\": \"INFO\",\n    \"ignore_worker_failures\": false,\n    \"horizon\": 500,\n    \"model\": {\n      \"vf_share_layers\": \"true\",\n      \"use_lstm\": \"true\",\n      \"max_seq_len\": 13,\n      \"fcnet_hiddens\": [\n        256,\n        256\n      ],\n      \"fcnet_activation\": \"tanh\",\n      \"lstm_cell_size\": 256,\n      \"lstm_use_prev_action\": \"true\",\n      \"lstm_use_prev_reward\": \"true\"\n    },\n    \"multiagent\": {\n      \"policies\": {\n        \"agent_0\": [\n          null,\n          {\n            \"_type\": \"CLOUDPICKLE_FALLBACK\",\n            \"value\": \"80059525030000000000008c0e67796d2e7370616365732e626f78948c03426f789493942981947d94288c056474797065948c056e756d7079948c0564747970659493948c02663494898887945294284b038c013c944e4e4e4affffffff4affffffff4b007494628c065f7368617065944b2b85948c036c6f77948c126e756d70792e636f72652e6e756d65726963948c0b5f66726f6d6275666665729493942896ac00000000000000000080ff000080ff000080ff000080ff000080ff000080ff000080ff000080ff000080ff000080ff000080ff000080ff000080ff000080ff000080ff000080ff000080ff000080ff000080ff000080ff000080ff000080ff000080ff000080ff000080ff000080ff000080ff000080ff000080ff000080ff000080ff000080ff000080ff000080ff000080ff000080ff000080ff000080ff000080ff000080ff000080ff000080ff000080ff9468088c02663494898887945294284b03680c4e4e4e4affffffff4affffffff4b007494624b2b85948c014394749452948c04686967689468132896ac000000000000000000807f0000807f0000807f0000807f0000807f0000807f0000807f0000807f0000807f0000807f0000807f0000807f0000807f0000807f0000807f0000807f0000807f0000807f0000807f0000807f0000807f0000807f0000807f0000807f0000807f0000807f0000807f0000807f0000807f0000807f0000807f0000807f0000807f0000807f0000807f0000807f0000807f0000807f0000807f0000807f0000807f0000807f0000807f9468174b2b8594681a749452948c0d626f756e6465645f62656c6f7794681328962b00000000000000000000000000000000000000000000000000000000000000000000000000000000000000000000000000009468088c02623194898887945294284b038c017c944e4e4e4affffffff4affffffff4b007494624b2b8594681a749452948c0d626f756e6465645f61626f766594681328962b00000000000000000000000000000000000000000000000000000000000000000000000000000000000000000000000000009468264b2b8594681a749452948c0a5f6e705f72616e646f6d944e75622e\"\n          },\n          {\n            \"_type\": \"CLOUDPICKLE_FALLBACK\",\n            \"value\": \"800595dc000000000000008c1367796d2e7370616365732e6469736372657465948c0844697363726574659493942981947d94288c016e948c156e756d70792e636f72652e6d756c74696172726179948c067363616c61729493948c056e756d7079948c0564747970659493948c02693894898887945294284b038c013c944e4e4e4affffffff4affffffff4b007494624308130000000000000094869452948c065f736861706594298c05647479706594680b8c02693894898887945294284b03680f4e4e4e4affffffff4affffffff4b007494628c0a5f6e705f72616e646f6d944e75622e\"\n          },\n          {}\n        ],\n        \"agent_1\": [\n          null,\n          {\n            \"_type\": \"CLOUDPICKLE_FALLBACK\",\n            \"value\": \"80059525030000000000008c0e67796d2e7370616365732e626f78948c03426f789493942981947d94288c056474797065948c056e756d7079948c0564747970659493948c02663494898887945294284b038c013c944e4e4e4affffffff4affffffff4b007494628c065f7368617065944b2b85948c036c6f77948c126e756d70792e636f72652e6e756d65726963948c0b5f66726f6d6275666665729493942896ac00000000000000000080ff000080ff000080ff000080ff000080ff000080ff000080ff000080ff000080ff000080ff000080ff000080ff000080ff000080ff000080ff000080ff000080ff000080ff000080ff000080ff000080ff000080ff000080ff000080ff000080ff000080ff000080ff000080ff000080ff000080ff000080ff000080ff000080ff000080ff000080ff000080ff000080ff000080ff000080ff000080ff000080ff000080ff000080ff9468088c02663494898887945294284b03680c4e4e4e4affffffff4affffffff4b007494624b2b85948c014394749452948c04686967689468132896ac000000000000000000807f0000807f0000807f0000807f0000807f0000807f0000807f0000807f0000807f0000807f0000807f0000807f0000807f0000807f0000807f0000807f0000807f0000807f0000807f0000807f0000807f0000807f0000807f0000807f0000807f0000807f0000807f0000807f0000807f0000807f0000807f0000807f0000807f0000807f0000807f0000807f0000807f0000807f0000807f0000807f0000807f0000807f0000807f9468174b2b8594681a749452948c0d626f756e6465645f62656c6f7794681328962b00000000000000000000000000000000000000000000000000000000000000000000000000000000000000000000000000009468088c02623194898887945294284b038c017c944e4e4e4affffffff4affffffff4b007494624b2b8594681a749452948c0d626f756e6465645f61626f766594681328962b00000000000000000000000000000000000000000000000000000000000000000000000000000000000000000000000000009468264b2b8594681a749452948c0a5f6e705f72616e646f6d944e75622e\"\n          },\n          {\n            \"_type\": \"CLOUDPICKLE_FALLBACK\",\n            \"value\": \"800595dc000000000000008c1367796d2e7370616365732e6469736372657465948c0844697363726574659493942981947d94288c016e948c156e756d70792e636f72652e6d756c74696172726179948c067363616c61729493948c056e756d7079948c0564747970659493948c02693894898887945294284b038c013c944e4e4e4affffffff4affffffff4b007494624308130000000000000094869452948c065f736861706594298c05647479706594680b8c02693894898887945294284b03680f4e4e4e4affffffff4affffffff4b007494628c0a5f6e705f72616e646f6d944e75622e\"\n          },\n          {}\n        ]\n      },\n      \"policy_mapping_fn\": {\n        \"_type\": \"CLOUDPICKLE_FALLBACK\",\n        \"value\": \"800595a6020000000000008c1b7261792e636c6f75647069636b6c652e636c6f75647069636b6c65948c0d5f6275696c74696e5f747970659493948c0a4c616d6264615479706594859452942868028c08436f6465547970659485945294284b024b004b034b054b1b4326880074008800830164016b02721264026e1074017c00a0026403a1016401190083011900530094284e4b014b008c015f9474948c036c656e948c03696e74948c0573706c69749487948c086167656e745f6964948c07657069736f6465948c066b77617267739487948c212f6d6e742f726c646d2f736372697074732f747261696e5f6167656e74732e7079948c083c6c616d6264613e944b5a43020001948c0a706f6c6963795f69647394859429749452947d94288c0b5f5f7061636b6167655f5f948c0c726c646d2e73637269707473948c085f5f6e616d655f5f948c085f5f6d61696e5f5f948c085f5f66696c655f5f946814754e4e68008c105f6d616b655f656d7074795f63656c6c9493942952948594749452948c207261792e636c6f75647069636b6c652e636c6f75647069636b6c655f66617374948c125f66756e6374696f6e5f736574737461746594939468267d947d9428681e68158c0c5f5f7175616c6e616d655f5f948c166d61696e2e3c6c6f63616c733e2e3c6c616d6264613e948c0f5f5f616e6e6f746174696f6e735f5f947d948c0e5f5f6b7764656661756c74735f5f944e8c0c5f5f64656661756c74735f5f944e8c0a5f5f6d6f64756c655f5f94681f8c075f5f646f635f5f944e8c0b5f5f636c6f737572655f5f9468008c0a5f6d616b655f63656c6c9493945d94288c076167656e745f30948c076167656e745f3194658594529485948c175f636c6f75647069636b6c655f7375626d6f64756c6573945d948c0b5f5f676c6f62616c735f5f947d947586948652302e\"\n      }\n    },\n    \"callbacks\": {\n      \"_type\": \"CLOUDPICKLE_FALLBACK\",\n      \"value\": \"80059533000000000000008c19726c646d2e7574696c732e666f6f7462616c6c5f746f6f6c73948c11466f6f7462616c6c43616c6c6261636b739493942e\"\n    }\n  },\n  \"local_dir\": \"/mnt/logs/train_agents_3_vs_3_auto_GK_independent_20000000_fifo_fixed\",\n  \"evaluated_params\": {},\n  \"experiment_tag\": \"0\",\n  \"location\": {\n    \"_type\": 